Valor exportado em 2020 (USD bilhäes);Participa‡Æo do Brasil no mercado de exporta‡Æo (%);Distƒncia m‚dia entre o pa¡s parceiro e o fornecedor (km);Concentra‡Æo de todos os pa¡ses fornecedores do pa¡s parceiro;imposto m‚dio (estimado) encarado pelo Brasil (%);PIB do pa¡s parceiro (USD bilhäes)
0.001474;0;5965;0.52;2.5;19.81
0.016315;0.2;2552;0.77;2.5;19.81
0.00056;0;3557;0.31;5;19.81
0.000104;0;4851;0.25;5;19.81
0.015569;0.3;10193;0.31;5;19.81
0.002942;0.1;3577;0.38;2.3;14.8
0.002437;0;2670;0.42;3.8;14.8
0.000099;0;638;1;10;14.8
0.007999;0.1;5749;0.43;10;14.8
0.003071;0.1;7690;0.31;10;14.8
0.020206;0.4;5461;0.24;10;14.8
0.161476;2.8;8481;0.45;5;145.00
0.119028;0.4;7513;0.39;3.8;145.00
0.021017;0.4;9325;0.51;30;145.00
0.668946;7.7;7790;1;17;145.00
0.000196;0;4742;0.13;21;145.00
0.034762;4.5;4472;0.5;30;145.00
0.008092;0.1;7249;0.75;30;145.00
0.000057;0;7929;0.8;30;145.00
0.001758;0.1;3360;0.13;23.8;145.00
0.00114;0;6810;0.31;19.3;62.31
0.000209;0;5010;0.37;0;62.31
0.000001;0;5958;0.87;50;62.31
0.075679;0.9;6331;0.95;0;62.31
0.000001;0;9663;0.44;1.1;62.31
0.00014;0;5979;0.64;10;62.31
0.007778;0.1;6516;0.26;10;62.31
0.016007;0.8;6338;0.36;10;62.31
0.041979;0.8;9315;0.34;10;62.31
0.000293;0;5855;0.17;60;62.31
0.000378;0;7015;0.29;0;62.31
0.000158;0;4254;0.76;5;0.1952
0.000442;0;4087;0.46;0.1;0.1952
0.000002;0;3698;0.74;12.7;1.42
0.000002;0;3888;0.31;30.3;1.42
0.000131;0;2623;0.27;24.8;1.42
0.000003;0;4248;0.68;30;1.42
0.000122;0;4493;0.63;30;1.42
0.000022;0;3967;0.67;30;1.42
0.004913;0.1;3976;0.5;3.1;1.42
0.000001;0;2541;0.26;16;1.42
0.000589;0;;;;
0.000166;0;;;0;
0.023414;0.4;;;0;
0.002075;0;6854;0.59;0;383.00
0.124562;0.4;946;0.86;0;383.00
0;;9178;0.64;0;383.00
0.04517;0.9;4516;0.5;0;383.00
0.000759;0;6651;0.23;0;383.00
0.020812;0.6;8817;0.24;0;383.00
0.00025;0;1123;0.85;0;383.00
0.024848;0.4;2010;0.8;0;383.00
0.0498;2.3;2357;0.94;0;383.00
0.00449;0.1;1967;0.61;0;383.00
0.002251;0.1;4734;0.25;0;383.00
0.000284;0;3314;0.69;0;383.00
0.000048;0;1799;0.99;0.2;12.65
0.000051;0;7400;0.5;0.9;12.65
0.008583;0.1;5483;0.36;13.3;12.65
0.000173;0;4059;0.55;17.5;12.65
0.001114;0.1;8924;0.46;21;12.65
0.000176;0;5679;0.22;41.3;12.65
0.000066;0;3021;0.28;2.8;3.2
0.001535;0.2;4014;0.36;0;3.2
0.004106;0.1;4072;0.32;0;3.2
0.002567;0.1;5501;0.26;0;3.2
0.005553;0.1;4227;0.48;0.2;3.2
0.000003;0;3987;0.56;6;3.2
0.000466;0;10992;0.34;0;1331.00
0.05648;1.1;13499;0.1;0;1331.00
0.001129;0;9502;0.11;0;1331.00
0;;2694;0.52;0;1331.00
0.027128;1.7;9992;0.12;4.9;1331.00
0.011416;0.2;12075;0.91;0;1331.00
0.000394;0;1314;0.26;2.1;429.00
0.034653;2.2;2369;0.09;28;429.00
0.000068;0;2581;0.41;0;42.61
0;;2582;0.21;9.9;42.61
0.001096;0;2274;0.74;15;42.61
0.000572;0;10500;0.49;15;42.61
0.000739;0;2034;0.41;63.5;42.61
0.000008;0;2137;0.96;0;11.25
0.000003;0;2060;0.32;0;11.25
0.000021;0;2078;0.98;0;11.25
0.00126;0;2474;0.81;0;11.25
0.000401;0;3504;0.54;25;11.25
0.01372;0.2;3376;0.52;28.4;11.25
0.000056;0;3482;0.73;0.2;11.25
0.00612;0.1;5905;1;45;11.25
0.000176;0;4785;0.14;0;38.47
0.000078;0;1669;0.45;0;38.47
0.000947;0.1;5883;0.34;0;38.47
0.003161;0;5201;0.43;5;38.47
0.00001;0;4902;0.78;0;38.47
0.048533;0.9;6422;0.34;5;38.47
0.000031;0;794;0.76;5;38.47
0.136665;2.3;6203;0.48;0;324.00
0.236616;0.8;13538;0.43;0;324.00
0.627834;7.2;13424;0.77;0;324.00
0.323259;9.7;4151;0.23;15.9;324.00
0.000001;0;15292;1;0;324.00
0.000004;0;4554;0.11;0;324.00
0.000001;0;4278;0.82;17.7;4.37
0.000001;0;6912;0.26;16.5;4.37
0.000006;0;4947;0.45;184;4.37
0.000004;0;5538;0.5;103.8;4.37
0.000001;0;5492;0.2;33.9;4.37
0.000355;0;1203;0.34;1.4;60.26
0;;2151;0.22;5.7;60.26
0.000001;0;701;0.32;0;515.00
0.046951;0.2;5473;0.24;0;515.00
0.467398;9.4;5205;0.08;2.1;515.00
0.015866;0.2;1098;0.31;50.4;515.00
0.001093;0;3068;0.08;4.3;515.00
0.000004;0;746;0.2;38.7;515.00
0.00054;0;621;0.26;55.4;515.00
0.000024;0;412;0.35;18.2;515.00
0.000427;0;427;0.31;19.2;515.00
0.428014;26.7;4778;0.3;28;515.00
0.000116;0;829;0.78;0;515.00
0.000083;0;2551;0.72;13;1.76
0.000004;0;2561;1;40;1.76
0.000003;0;2561;1;40;1.76
0.000001;0;2561;1;40;1.76
0.000003;0;2561;1;40;1.76
0.000001;0;2791;0.37;57.3;1.76
0.095271;1.1;5579;0.61;17.7;15.65
0.003608;0.1;5078;0.12;35;15.65
0.000001;0;2448;0.76;5;74.84
0.000001;0;2136;0.97;5;74.84
0.001258;0;3392;0.57;5;74.84
0.000164;0;2488;0.8;5;74.84
0.000073;0;2206;0.92;5;74.84
0.000002;0;2362;0.92;5;74.84
0.00026;0;2207;0.77;0;36.69
0.000002;0;2953;0.64;0;36.69
0.000123;0;4928;0.26;0;36.69
0.006451;0.1;2509;0.94;0;36.69
0.002934;0.1;8842;0.29;0;36.69
0.000065;0;2267;1;0;36.69
0.000757;0;2267;1;0;36.69
0.005943;0.1;2220;0.87;0;36.69
0.000254;0;2697;0.49;0;36.69
0.000013;0;6832;1;0;36.69
0.000103;0;7184;0.56;10;19.79
0.000001;0;696;0.28;32.7;19.79
0.000002;0;856;0.27;35.2;19.79
0.000003;0;540;0.15;84.6;19.79
0.000001;0;838;0.15;27.8;19.79
0.00001;0;730;0.41;40.8;15.78
0.000019;0;522;1;8;15.78
0;;8659;0.4;0;1445.00
0;;3164;0.32;0;1445.00
0;;3286;0.51;;1445.00
0.003094;0.1;4480;0.99;0;10.27
0.009074;0;4612;0.95;0;10.27
0.00011;0;3562;0.71;0;10.27
0.000275;0;3551;0.76;0;10.27
0.006917;0.1;4486;1;;10.27
0.000073;0;4768;0.54;0;12.02
0.001193;0;4299;0.12;2.1;69.11
0;;1906;0.15;4.3;69.11
0.000001;0;1592;0.38;38.7;69.11
0.000001;0;1728;0.16;18.2;69.11
0.000399;0;990;0.14;19.2;69.11
0.000296;0;1032;0.15;28;69.11
0.00004;0;3306;0.61;9.7;1.7
0.000485;0;4055;0.3;20.8;1.7
0.004032;0;4275;0.8;5;1.7
0.000003;0;3074;0.97;19.7;1.7
0.000979;0;3952;0.54;20;1.7
0.000383;0;3535;0.38;20;1.7
0.001114;0;4881;0.28;30;1.7
0.000113;0;3142;0.69;30;1.7
0.000002;0;13627;0.45;5.2;25.29
0;;2464;0.6;3.6;25.29
0.00006;0;1304;0.86;35;25.29
0.001893;0;3391;0.45;35;25.29
0.000039;0;1761;0.27;35;25.29
0.017886;0.2;5714;0.21;30;39.8
0.000001;0;4741;0.59;20;39.8
0.000066;0;6995;0.5;20;39.8
0.000001;0;4417;0.48;20;39.8
0.000558;0;6696;0.24;20;39.8
0;;1170;0.99;71.4;1643.00
0.102727;2.1;4884;0.15;0;1643.00
0.278568;3.2;7104;0.52;0.8;1643.00
0.000023;0;7798;0.15;0;1643.00
0.000001;0;1956;0.7;0;1643.00
0.026064;0.5;2170;0.73;221;1643.00
0.002668;0.2;4812;0.32;2.1;1643.00
0.001076;0;2168;0.83;0;1643.00
0.000001;0;2658;0.94;0;5.51
0.000005;0;2582;0.99;17;5.51
0.000011;0;2694;0.95;17;5.51
0.000207;0;2700;0.9;0;5.51
0.000002;0;3234;0.86;22;5.51
0.000538;0.1;5707;0.56;20;2.3
0.000115;0;5201;0.5;20;2.3
0.000066;0;5841;0.6;20;2.3
0.002249;0;6102;0.19;5;2.3
0.002177;0;6981;0.69;5;10.09
0.00035;0;1572;0.72;0;253.00
0.000001;0;1724;0.66;0;253.00
0.016513;0.3;6724;0.19;0;253.00
0.034167;0.4;4241;0.29;0;253.00
0.002112;0.1;14947;0.15;0;253.00
0.309181;40.3;2203;0.33;0;253.00
0.065306;1;2892;0.42;0;253.00
0.101402;4.8;6573;0.39;0;253.00
0.076984;1.4;4336;0.4;0;253.00
0.013122;0.8;5905;0.19;0;253.00
0.067519;1.1;1657;0.41;0;253.00
0.003582;0.1;8262;0.45;54.3;14723.00
20.903177;73.2;15611;0.48;1.5;14723.00
0.024615;0.5;8285;0.08;9.8;14723.00
1.290813;14.8;14591;0.51;50;14723.00
1.016739;30.6;7015;0.14;11;14723.00
0.000016;0;9270;0.53;13.3;14723.00
4.037496;60.4;15718;0.26;12.2;14723.00
1.231061;58.1;10795;0.12;18.5;14723.00
1.269326;22.9;13085;0.29;11.2;14723.00
0.053987;3.4;8360;0.09;13.8;14723.00
0.007156;0.1;6373;0.4;5;14723.00
0.056705;1;4144;0.69;0;271.00
0.000007;0;4102;1;0;271.00
0.0655;1.3;3417;0.48;0;271.00
0.035392;0.4;2875;0.3;13.2;271.00
0.023594;0.7;11527;0.22;2.8;271.00
0.000001;0;4231;0.53;67.6;271.00
0.001258;0.1;5663;0.13;0;271.00
0.00157;0;3974;0.83;0;271.00
0.000157;0;3876;0.22;0;1.22
0.00101;0;6708;0.36;0;1.22
0.00018;0;;;20;1.22
0.004652;0.1;7840;0.12;0;1.22
0.014995;0.2;4895;0.25;5.1;49.87
0.000002;0;10363;0.64;28.8;49.87
0.000244;0;7303;0.81;35;49.87
0.002004;0.1;6394;0.17;35;49.87
0.01329;0.2;8205;0.2;34.8;49.87
0.008725;0.1;3558;0.78;6.6;61.52
0.000566;0;937;0.39;12.7;61.52
0.003979;0;4946;0.57;45;61.52
0.000344;0;6625;0.41;4.8;61.52
0.000286;0;3170;0.29;12.3;61.52
0.000389;0;3717;0.93;4.5;61.52
0.020508;0.4;543;0.31;1.9;55.97
0.025138;0.3;441;0.33;49.5;55.97
0.000003;0;677;0.33;55.3;55.97
0.000001;0;868;0.19;20.6;55.97
0.000001;0;555;0.18;25.1;55.97
0.024479;0.4;5561;0.43;0;103.00
0.003297;0.1;3801;0.38;12;103.00
0.000889;0;6350;0.29;0;103.00
0.059452;1.1;4264;0.38;0;103.00
0.000073;0;5204;0.32;7.6;103.00
0.016751;0.3;5767;1;0;103.00
0.000008;0;;0.48;0;3.1
0.000075;0;;0.34;0;3.1
0.003165;0.4;;0.75;0;3.1
0.003375;0.1;;0.32;0;3.1
0.001798;0.1;;0.17;0;3.1
0.01395;0.3;;0.59;0;3.1
0.000133;0;;0.22;0;3.1
0.002956;0.1;3848;0.19;2.1;23.8
0.000003;0;2615;0.28;50.4;23.8
0.000029;0;2210;0.18;38.7;23.8
0.000066;0;4739;0.11;55.4;23.8
0.000113;0;2183;0.19;18.2;23.8
0.000113;0;2483;0.24;19.2;23.8
0.003055;0.2;4287;0.13;28;23.8
0.000018;0;10548;0.68;0;23.8
0.000357;0;1085;0.22;2.1;244.00
0;;2360;0.12;4.3;244.00
0.000018;0;1211;0.12;28;244.00
0.009408;0.2;2151;0.17;2.1;355.00
0.00087;0;1000;0.18;50.4;355.00
0.000003;0;3811;0.07;4.3;355.00
0.000019;0;1117;0.22;38.7;355.00
0.00008;0;2404;0.16;55.4;355.00
0.000192;0;598;0.44;18.2;355.00
0.000112;0;673;0.17;19.2;355.00
0.000044;0;1212;0.26;28;355.00
0.085029;1.4;5937;0.22;0;355.00
0.011735;0.1;4351;0.78;9.9;3.38
0.000079;0;6602;0.46;13;3.38
0.003152;0.1;9041;0.61;13;3.38
0.001615;0;4050;0.5;20;0.47
0.131167;2.2;4207;0.44;0;78.84
0.009648;0.2;8115;0.29;15.4;78.84
0.000446;0;2278;0.27;15.4;78.84
0.000572;0;4931;0.65;0;78.84
0.000107;0;3014;0.97;29.3;78.84
0.000476;0;3034;0.99;24.5;78.84
0.000449;0;4869;0.27;16.6;78.84
0.000251;0;12650;0.48;2.5;1.82
0.004544;0.1;8790;0.37;2.5;1.82
0.002121;0;9288;0.26;0;98.81
0.006469;0.1;1873;0.72;0;98.81
0.006866;0.2;8160;0.16;0;98.81
0.000332;0;3607;0.16;0;98.81
0.00072;0;3992;0.39;0;98.81
0.552137;9.4;7881;0.29;0;363.00
0.01063;0.2;7733;0.27;1.1;363.00
0.253706;2.9;8091;0.59;16.4;363.00
0.00001;0;4141;0.15;6.6;363.00
0.000754;0.1;9169;0.68;0;363.00
0.394221;5.9;7882;0.47;0;363.00
0.00045;0;9451;0.93;28.6;363.00
0.074631;1.3;9059;0.84;30;363.00
0.002177;0.1;2356;0.34;57.2;363.00
0.00792;0.1;2978;0.65;11.9;24.64
0.000005;0;523;0.28;14;24.64
0.00029;0;3215;0.69;5.1;24.64
0.001642;0;5390;0.38;30;10.02
0.000291;0;6987;0.35;20;10.02
0.0003;0;5451;0.14;20;10.02
0.004097;0.1;6204;0.1;5;10.02
0.004314;0;8160;0.49;2;6.5
0.000809;0;1528;0.18;2.1;31.03
0.000039;0;1530;0.09;28;31.03
0.000134;0;1003;0.31;0;31.03
0;;428;1;44.8;4.47
0.000309;0;5702;0.67;5;108.00
0.000152;0;8618;0.22;30;108.00
0.000019;0;2783;0.2;30;108.00
0.000013;0;1364;0.93;0;3.11
0.000028;0;6058;0.23;32;4.38
0.000175;0;3918;0.37;0;271.00
0.066103;1.3;7496;0.14;2.1;271.00
0.001551;0;4631;0.22;50.4;271.00
0.000272;0;2959;0.18;38.7;271.00
0.000056;0;2101;0.14;19.2;271.00
0.000001;0;3843;0.11;28;271.00
0.000002;0;2656;0.1;0;2603.00
0.027118;0.1;6780;0.26;0;2603.00
0;;1170;0.19;13.9;2603.00
0.104781;2.1;1753;0.27;2.1;2603.00
0.008187;0.1;2771;0.1;50.4;2603.00
0.000256;0;2736;0.08;4.3;2603.00
0.000002;0;833;0.19;38.7;2603.00
0.003969;0.1;1188;0.16;55.4;2603.00
0.000026;0;789;0.53;18.2;2603.00
0.001443;0;907;0.15;19.2;2603.00
0.005703;0.4;1962;0.14;28;2603.00
0.541111;9.2;6487;0.37;0;2603.00
0.00004;0;7457;0.5;12.1;3.44
0.000083;0;12265;0.28;5;3.44
0.000087;0;4315;0.8;30;15.59
0.006071;0.1;7133;0.32;20;15.59
0.003272;0.2;5759;0.17;20;15.59
0.009461;0.2;6839;0.11;5;15.59
0.078393;0.9;4675;0.96;17.7;1.9
0.002775;0;6858;0.39;35;1.9
0.000255;0;5247;0.21;0;15.89
0.077187;0.9;6498;0.3;2.8;15.89
0.00729;0.1;6216;0.27;12;15.89
0.017315;0.8;10820;0.4;5;15.89
0.0131;0.2;4243;0.14;12;15.89
0.000001;0;855;0.16;0;3806.00
0.011053;0;7316;0.36;0;3806.00
0.965862;19.3;6911;0.11;2.1;3806.00
0.003347;0;2397;0.16;50.4;3806.00
0.000617;0;3807;0.1;4.3;3806.00
0.020547;2.7;2757;0.14;38.7;3806.00
0.010601;0.2;2567;0.17;55.4;3806.00
0.000025;0;563;0.22;18.2;3806.00
0.007435;0.1;971;0.19;19.2;3806.00
0.005408;0.3;3392;0.14;28;3806.00
0.54413;9.2;5284;0.32;0;3806.00
0.000207;0;6412;0.37;19.5;72.35
0.000005;0;659;0.98;7.5;72.35
0.098781;1.1;5664;0.46;17.7;72.35
0.00012;0;5134;0.39;35;72.35
0.000013;0;5542;0.31;35;72.35
0.016966;0.3;6239;0.22;35;72.35
0.000015;0;5005;0.22;15;72.35
0.000002;0;454;0.97;0;2.44
0.000003;0;5320;0.54;0;2.44
0.000004;0;635;0.76;0;2.44
0.000003;0;1151;0.5;0;2.44
0.000001;0;532;0.88;0;2.44
0.035843;0.1;5662;0.35;0;189.00
0.06365;1.3;4104;0.19;2.1;189.00
0.001165;0;2811;0.12;50.4;189.00
0.000062;0;2825;0.16;4.3;189.00
0.000029;0;1869;0.2;38.7;189.00
0.000246;0;1936;0.13;55.4;189.00
0.000081;0;1949;0.28;18.2;189.00
0.001579;0;1364;0.13;19.2;189.00
0.001539;0.1;2319;0.1;28;189.00
0.004839;0.1;11433;0.9;0;189.00
0.000046;0;1590;0.23;25.6;1.09
0.000077;0;4049;0.8;30;1.09
0.000013;0;4167;0.44;30;1.09
0.00592;0.1;4907;0.4;20.2;1.09
0.019341;0.3;2921;0.71;11.9;77.6
0.000032;0;4452;0.28;14;77.6
0.002257;0;5994;0.91;20;77.6
0.000263;0;6278;0.18;5.1;77.6
0.000059;0;1228;0.33;12.7;77.6
0.000147;0;2820;0.98;5;77.6
0.073166;0.8;5177;0.74;17.7;15.68
0.000032;0;6311;0.2;35;15.68
0.002993;0.1;5430;0.11;35;15.68
0.001547;0;3509;0.46;17.7;1.43
0.00021;0;4312;0.25;35;1.43
0.000238;0;4831;0.95;19;5.47
0.000087;0;4640;0.83;30.3;5.47
0.000202;0;3549;0.46;37.2;5.47
0.000046;0;8975;0.33;5;5.47
0.000001;0;5154;0.8;40;5.47
0.000002;0;5329;0.69;40;5.47
0.000836;0;5212;0.76;48.9;5.47
0.000008;0;3053;0.32;22.4;5.47
0.000029;0;4398;0.61;0;5.47
0.004158;0;1893;0.32;8.4;13.42
0.001708;0.1;6325;0.14;15;13.42
0.006554;0.1;3878;0.53;25;13.42
0.000003;0;1546;0.5;11.7;13.42
0.000705;0;2849;0.98;10.7;23.83
0.00003;0;2638;0.17;14;23.83
0.001326;0;3211;0.68;5.2;23.83
0.002553;0.2;1704;0.28;14.6;23.83
0.000627;0;2864;0.99;2.5;23.83
0.000001;0;11360;0.77;0;347.00
0.001946;0;7095;0.08;0;347.00
0.000027;0;1965;0.26;0;347.00
0.000184;0;1807;0.5;0;347.00
0.001696;0.2;8725;0.26;0;347.00
0.809674;12.1;13983;0.32;0;347.00
0.238174;11.2;10075;0.18;0;347.00
0.236512;4.3;7739;0.24;0;347.00
0.001098;0.1;5933;0.13;0;347.00
0;;422;0.16;50.4;155.00
0.001813;0;2238;0.52;26.3;21.71
0.000853;0;3557;0.12;0;21.71
0.000023;0;2294;0.4;0;21.71
0.000002;0;2212;0.48;185.5;21.71
0.001373;0;4148;0.43;50;2623.00
0.003847;0.1;5291;0.19;100;2623.00
0.482565;5.5;13733;0.94;100;2623.00
0.009414;0.3;8007;0.16;7.7;2623.00
0.000001;0;;;30;2623.00
0.000004;0;;;30;2623.00
0.00007;0;6835;0.42;27.5;2623.00
0.000053;0;8639;0.29;76.7;2623.00
0.000862;0.1;5591;0.2;41.5;2623.00
0.034132;0.6;15587;0.6;3.7;1058.00
0.01254;11.2;12576;0.22;1.5;1058.00
0.011254;0.2;7909;0.28;7.2;1058.00
0.46613;5.3;6987;0.27;7.1;1058.00
0.307605;9.3;9775;0.16;6.5;1058.00
0.015667;0.2;6248;0.36;5;1058.00
0.005149;0.3;10560;0.15;7.9;1058.00
0.791639;13.4;15741;0.45;2.5;1058.00
0.744623;12.7;8699;0.52;5;192.00
0.245422;0.9;10721;0.51;7.5;192.00
0.000208;0;4184;0.34;10.8;192.00
0.052211;0.6;3976;0.77;36.8;192.00
0.000002;0;7569;0.98;15.3;192.00
0.024613;0.4;10929;0.85;12.6;192.00
0.000001;0;11673;1;15;192.00
0.000051;0;1919;0.91;34.5;192.00
0.06968;1.2;10537;0.34;10;192.00
0.007187;0.1;5188;0.24;0;167.00
0.000216;0;1864;0.29;0;167.00
0.345311;3.9;10948;0.98;0;167.00
0.013033;0.2;4040;0.76;0;167.00
0.108714;2;4051;0.47;0;167.00
0.000048;0;2396;0.25;0;167.00
0.068357;1.2;4280;0.22;0;419.00
0.004564;0;3439;0.3;0;419.00
0.004288;0.1;2280;0.17;2.1;419.00
0.000367;0;1147;0.25;19.2;419.00
0.001236;0.1;3191;0.23;28;419.00
0.070141;1.2;5850;0.28;54.6;402.00
0.065623;0.2;9613;0.35;0;402.00
0.010367;9.3;2390;0.2;50;402.00
0.015148;0.3;4292;0.22;0;402.00
0.006904;0.1;3336;0.14;0;402.00
0;;5131;0.29;0;402.00
0.015285;2;8056;0.27;47.7;402.00
0.102577;1.5;10397;0.23;0;402.00
0.015074;0.9;7537;0.11;11.4;402.00
0.002716;0;10910;0.3;7.5;402.00
0.052443;0.9;1345;0.15;0;1886.00
0.210698;0.7;7558;0.28;0;1886.00
0.417446;8.4;6864;0.13;2.1;1886.00
0.004649;0.1;2333;0.2;50.4;1886.00
0.007177;0.2;3985;0.12;4.3;1886.00
0.009391;1.2;1718;0.13;38.7;1886.00
0.143983;2.2;6823;0.33;55.4;1886.00
0.000012;0;1016;0.2;18.2;1886.00
0.000006;0;1063;0.21;19.2;1886.00
0.006573;0.4;2006;0.15;28;1886.00
0.112568;1.9;10503;0.63;0;1886.00
0.038088;0.4;6657;0.33;17.7;61.35
0.00006;0;4787;0.48;35;61.35
0.000492;0;5770;0.11;35;61.35
0.003113;0.1;5212;0.14;35;61.35
0.000035;0;5386;0.56;35;61.35
0.001123;0;2851;0.96;0;13.81
0.002845;0;2051;0.46;36.3;13.81
0.00016;0;3112;0.37;22.6;13.81
0.697162;11.9;12861;0.53;16;5065.00
0.156084;0.5;10873;0.56;0;5065.00
0.292851;5.9;12142;0.14;2.8;5065.00
0.000931;0;7552;0.7;33.1;5065.00
0.004879;0.1;5331;0.13;3.2;5065.00
0.000012;0;9177;0.42;38.5;5065.00
0.000026;0;8971;0.35;38.5;5065.00
0.043309;2;10260;0.18;31.9;5065.00
0.657849;11.8;13418;0.52;7.9;5065.00
0.083084;5.2;10885;0.09;23.2;5065.00
0.155121;2.6;9040;0.28;0;5065.00
0.030551;0.5;11305;0.55;0;43.7
0.030433;0.6;6891;0.22;20.6;43.7
0.032657;4.3;9694;0.27;7.6;43.7
0.012238;0.2;7314;0.32;9.6;43.7
0.000001;0;3558;1;20;43.7
0.069796;1.3;9172;0.67;21.7;43.7
0.000389;0;3314;0.09;9.6;43.7
0.010404;0.2;12192;0.83;0;43.7
0.000041;0;2923;0.45;0.9;170.00
0.001758;0;6586;0.39;41.3;170.00
0.000112;0;6041;0.23;41.1;98.84
0.000263;0;1493;0.23;25;98.84
0.006646;0.1;2662;0.11;78.8;98.84
0.001644;0;664;0.93;25;98.84
0.000267;0;8104;0.45;46.3;0.2
0.009404;0.2;10810;0.36;0;136.00
0.000556;0;3915;0.31;0;136.00
0.000001;0;4694;0.34;5;136.00
0.001089;0.1;5822;0.32;0;136.00
0.001405;0;9702;0.22;5;136.00
0.147735;2.7;8987;0.54;5;136.00
0.001644;0.1;2292;0.46;5;136.00
0.005144;0.1;1080;0.25;2.1;33.51
0.000001;0;685;0.18;18.2;33.51
0.000001;0;476;0.29;19.2;33.51
0.006496;0.1;1966;0.35;0;33.51
0.019384;0.3;5997;0.16;0.9;33.38
0;;1926;0.67;0;33.38
0.031656;0.6;9189;0.53;5;33.38
0.012423;0.1;4249;0.17;1.2;33.38
0.029883;3.9;10844;0.4;1.2;33.38
0.00797;0.1;9421;0.23;0.2;33.38
0.000555;0;7347;0.45;5;33.38
0.003508;0.1;8203;0.51;43.1;33.38
0.000479;0;5909;0.14;23.6;33.38
0.000026;0;6630;0.46;5;2.95
0.000028;0;5623;0.28;12.3;2.95
0.007672;0.1;4770;0.88;10;2.95
0.000004;0;12731;0.99;8;2.95
0.000101;0;4626;0.96;10;2.95
0.000856;0;5294;0.36;10;2.95
0.000658;0;5171;0.23;10;2.95
0.004372;0.1;5666;0.14;10;2.95
0.000076;0;5573;0.15;17.5;2.95
0.000013;0;2563;0.43;0;25.42
0.007017;0.1;4993;0.29;0;25.42
0.016292;0.2;4848;0.23;0;25.42
0.029066;0.4;8373;0.51;0;25.42
0.000001;0;8491;1;0;25.42
0.074668;1.3;6612;0.47;0;25.42
0.000041;0;3378;0.2;0;25.42
0.002995;0.1;1048;0.14;2.1;55.89
0.000215;0;1751;0.26;50.4;55.89
0.000022;0;2676;0.07;4.3;55.89
0.000016;0;947;0.16;28;55.89
0.000019;0;4021;0.47;0;55.89
0.000075;0;;0.19;0;55.15
0.000219;0;;0.28;0;55.15
0.000377;0;;0.26;0;55.15
0.000618;0;4188;0.22;13;12.27
0.009196;0.2;3912;0.16;20.8;12.27
0.032968;0.4;7553;0.43;10;13.72
0.000441;0;5255;0.24;18.2;11.96
0.000373;0;1626;0.64;25;11.96
0.225213;3.8;16163;0.59;0;337.00
0.010485;0;14677;0.66;0;337.00
0.020174;0.4;6931;0.18;0;337.00
0.383603;4.4;11880;0.41;0;337.00
0.12943;3.9;10230;0.19;5.9;337.00
0.021552;0.3;4568;0.65;0;337.00
0.014018;0.3;3647;0.45;38.7;337.00
0.002186;0.1;6951;0.06;2.9;337.00
0.002067;0;16123;0.93;0;337.00
0.000799;0;4240;0.39;0;4.03
0.000036;0;7424;0.21;50;4.03
0.007231;0.1;8889;0.3;0;4.03
0.000013;0;4222;0.74;17.7;17.39
0.000058;0;1476;0.35;2.1;14.65
0.005552;0.1;5714;0.36;50.4;14.65
0.000002;0;3169;0.18;4.3;14.65
0.000028;0;2322;0.18;38.7;14.65
0.000174;0;1838;0.15;55.4;14.65
0.000166;0;1461;0.3;18.2;14.65
0.000109;0;1546;0.21;19.2;14.65
0.000032;0;1339;0.22;28;14.65
0.000002;0;15964;1;0;0.35
0.000028;0;13107;0.32;0;0.35
0.000018;0;7776;0.6;0;0.35
0.000004;0;12913;0.5;0;0.35
0.000115;0;15747;0.89;0;0.35
0.000366;0;12504;0.32;0;0.35
0.000426;0;11920;0.37;0;0.35
0.00033;0;10711;0.67;0;0.35
0.00009;0;9522;0.31;0;0.35
0.000008;0;2331;0.47;5;7.78
0.080921;0.9;5367;0.28;12.6;7.78
0.007685;0.1;6640;0.3;14;7.78
0.011653;0.1;8107;0.38;49.3;10.91
0.000183;0;6079;0.21;0;10.91
0.000332;0;5994;0.45;0;10.91
0.000064;0;12839;0.39;0;10.91
0.000049;0;12501;0.32;0;10.91
0.000032;0;4821;0.41;0;10.91
0.211816;3.6;2044;0.87;3;1076.00
0.288607;1;2151;0.84;0.8;1076.00
0.079827;1.6;4551;0.37;25.1;1076.00
0.000015;0;1715;0.56;25.9;1076.00
0.004307;0.1;5291;0.47;6.3;1076.00
0.000001;0;1739;0.88;16;1076.00
0.009121;0.2;1906;0.9;59.8;1076.00
0.000398;0;3797;0.48;15.9;1076.00
0.00026;0;1624;1;0;1076.00
0.000762;0;2328;0.15;20.2;11.91
0.004184;0.1;1500;0.34;23.5;11.91
0.000146;0;2038;0.81;5;13.14
0.011282;0.2;4944;0.35;8.6;4.78
0.001029;0;3987;0.24;0;4.78
0.000001;0;9061;0.38;21.2;4.78
0.000001;0;1253;0.23;6.3;4.78
0.001339;0;2096;0.23;17.7;4.78
0.00001;0;;0.36;13.2;0.063
0.000003;0;;0.53;5;0.063
0.000132;0;;0.5;0.2;0.063
0.178055;3;7819;0.41;2.5;113.00
0.006708;0;7160;0.64;2.5;113.00
0.004809;0.1;6534;0.1;11.1;113.00
0.401198;4.6;6935;0.99;39.6;113.00
0.000162;0;4430;0.12;6.4;113.00
0.00044;0;1367;0.77;154.6;113.00
0.000001;0;778;0.98;49;113.00
0.000937;0;6362;0.48;97.9;113.00
0.000179;0;3946;0.14;31.2;113.00
0.004374;0.1;7646;0.59;2.5;113.00
0.000007;0;6156;0.51;20;14.02
0.000012;0;3513;0.22;7.5;14.02
0.000002;0;6028;0.15;12.7;14.02
0.000265;0;1400;0.85;19.9;14.02
0.003653;0.1;8014;0.12;20;14.02
0.000001;0;1598;0.75;19.9;14.02
0.000341;0;4110;0.49;15;76.19
0.000041;0;6742;0.36;15;76.19
0.021101;0.4;12398;0.29;1.5;76.19
0.000144;0;3235;0.52;8;10.7
0.003484;0.1;8596;0.17;28.5;10.7
0.001364;0;1420;0.9;10;33.66
0.064933;1.1;2191;0.28;0;912.00
1.109035;3.9;7754;0.38;0;912.00
0.079041;1.6;1737;0.15;2.1;912.00
0.0251;0.3;2525;0.17;50.4;912.00
0.003248;0.1;3655;0.09;4.3;912.00
0.062235;8.1;3458;0.09;38.7;912.00
0.049675;0.7;2831;0.11;55.4;912.00
0.000051;0;432;0.37;18.2;912.00
0.055963;1;1422;0.15;19.2;912.00
0.485882;30.3;6014;0.16;28;912.00
0.688474;11.7;8763;0.49;0;912.00
0.003071;0.1;14640;0.3;0;10.00
0.000107;0;9822;0.23;0;10.00
0.007875;0.2;12545;0.08;1;212.00
0.021276;0.2;10358;0.19;0;212.00
0.000005;0;11728;0.16;0;212.00
0.003815;0.2;9694;0.12;4.5;212.00
0.000011;0;10176;0.95;0;212.00
0.005682;0.1;3339;0.85;10.7;12.62
0.000001;0;4716;0.55;55;12.62
0.000039;0;4690;0.31;5.1;12.62
0.000082;0;3135;0.99;5;12.62
0.000678;0;5770;0.68;17.7;13.68
0.000401;0;3750;0.41;35;13.68
0.000047;0;8424;0.82;5;432.00
0.437775;5;6228;1;17.3;432.00
0;;10630;0.68;26.7;432.00
0.000052;0;18523;1;0;1.8
0.125055;0.4;9022;0.65;11.7;362.00
0.033651;0.7;6793;0.14;0;362.00
0.000103;0;674;0.68;7.9;362.00
0.000005;0;4074;0.08;0;362.00
0.000014;0;4620;0.32;238.1;362.00
0.000128;0;9647;0.2;225.7;362.00
0.000088;0;984;0.78;168.8;362.00
0.000059;0;1411;0.23;142.3;362.00
0.000556;0;3702;0.13;41.9;362.00
0.000942;0;9245;0.65;18.9;362.00
0.000005;0;;;0;
0.000013;0;;;;
0.003581;0.1;7926;0.28;0;76.33
0.001067;0;5247;0.11;0;76.33
0.001236;0;4249;0.27;0;76.33
0.000242;0;7772;0.29;0;76.33
0.001211;0;2939;0.81;5;76.33
0.000034;0;6137;0.7;100;76.33
0.095982;1.7;10841;0.66;5;76.33
0.000128;0;1928;0.7;5;76.33
0.0018;0;7709;0.4;9.5;264.00
0.416187;1.5;12877;0.51;3;264.00
0.012545;11.2;3897;0.41;11;264.00
0.010563;0.1;3564;0.39;17.8;264.00
0.420752;12.7;10009;0.21;13.8;264.00
0.000171;0;7013;0.27;20;264.00
0.000049;0;5847;0.21;20;264.00
0.000053;0;8495;0.28;11;264.00
0.000002;0;3662;0.95;23.9;52.94
0.000025;0;2598;0.24;35.5;52.94
0.000042;0;1438;0.45;128.8;52.94
0.000259;0;13039;0.44;0;52.94
0.00012;0;2617;0.46;29.9;52.94
0.000284;0;4070;0.84;25.3;52.94
0.000365;0;3898;0.77;69.9;52.94
0.000332;0;3723;0.94;94.5;52.94
0.000465;0;4056;0.31;8;52.94
0.041224;0.7;1319;0.9;0;35.3
0.003306;0;1116;0.49;0;35.3
0.000021;0;1345;1;0;35.3
0.002514;0.1;2223;0.58;0;35.3
0.000048;0;843;1;29.3;35.3
0.010542;0.3;9821;0.32;0;35.3
0;;3536;0.25;0;35.3
0.000363;0;8091;0.21;0;35.3
0.000184;0;;;0;35.3
0.000138;0;1345;1;0;35.3
0.001272;0.1;1801;0.49;0;35.3
0;;843;1;0;35.3
0.005975;0.1;3453;0.66;0;202.00
0.000593;0;6114;0.2;0.2;202.00
0.016017;0.2;2351;0.36;0;202.00
0.00609;0.2;12999;0.37;0.1;202.00
0.007247;0.9;3368;0.31;1.1;202.00
0.010274;0.2;3861;0.33;1.1;202.00
0.044424;0.8;3976;0.46;0.6;202.00
0.000362;0;7020;0.22;0.1;202.00
0.000107;0;2446;0.46;0;202.00
0.00977;0.2;5061;0.31;21.1;361.00
0.005878;5.3;11181;0.33;4.7;361.00
0.00161;0;2402;0.65;40;361.00
0.000214;0;2501;0.7;56.1;361.00
0.000007;0;5842;0.98;10;361.00
0.133071;2;10932;0.21;10;361.00
0.008467;0.4;12411;0.22;40;361.00
0.035546;0.6;12829;0.22;33.4;361.00
0.00157;0.1;8537;0.14;7.5;361.00
0.002915;0;13887;0.7;0;361.00
0.000012;0;1671;0.21;0;594.00
0.025817;0.5;2943;0.21;2.1;594.00
0.000002;0;2260;0.2;50.4;594.00
0.000011;0;2851;0.11;4.3;594.00
0.000136;0;1000;0.18;18.2;594.00
0.000017;0;957;0.2;19.2;594.00
0.000027;0;3365;0.11;28;594.00
0.228899;3.9;9983;0.35;0;594.00
0.124171;2.1;4453;0.28;0;231.00
0.146805;0.5;5738;0.35;0;231.00
0.012712;0.3;3368;0.14;2.1;231.00
0.006907;0.1;5933;0.14;50.4;231.00
0.008767;0.3;5665;0.16;4.3;231.00
0.00103;0.1;1258;0.37;38.7;231.00
0.001201;0;1910;0.33;55.4;231.00
0.000028;0;615;0.92;18.2;231.00
0.001926;0;1119;0.39;19.2;231.00
0.00069;0;1272;0.33;28;231.00
0.00006;0;4120;0.28;0;231.00
0.000332;0;4627;0.11;0;146.00
0.000019;0;4166;0.62;0;146.00
0.009398;1.2;8730;0.18;0;146.00
0.011734;0.2;6743;0.22;5;146.00
0.102075;1.8;9685;0.42;5;146.00
0.000212;0;3184;0.17;5;146.00
0.000232;0;7928;0.66;6.4;10.88
0.009511;0.1;6385;0.21;20;10.88
0.000057;0;5156;0.26;10;10.88
0.008526;0.4;6596;0.24;10;10.88
0.013148;0.2;7339;0.13;10;10.88
0.07615;0.3;6501;0.31;0;249.00
0.007161;0.1;1928;0.15;2.1;249.00
0.000058;0;966;0.2;19.2;249.00
0.146206;2.5;8837;0.49;0;249.00
0.386639;1.4;11144;0.37;0;1484.00
0;;1681;0.89;5;1484.00
0.111321;2.2;6736;0.12;1.4;1484.00
0.047879;0.5;1929;0.74;22.6;1484.00
0.000087;0;1428;0.84;20;1484.00
0.184749;2.8;9829;0.24;20;1484.00
0.000297;0;9412;0.25;48.8;1484.00
0.108767;2;5633;0.45;60.1;1484.00
0.002433;0.2;5309;0.12;6.8;1484.00
0.000146;0;2954;0.71;0;1484.00
0.000014;0;7802;0.39;0;53.13
0.000015;0;2899;0.39;25.9;0.93
0.002267;0;3977;0.49;0.4;0.93
0.000042;0;1502;0.48;27.5;0.81
0.000003;0;9658;0.96;8.8;0.81
0.000885;0;5672;0.59;5;0.47
0.000271;0;5352;0.21;20;0.47
0.131784;2.3;11413;0.33;0;700.00
0.112082;0.4;11184;0.42;0;700.00
0.012179;10.9;4309;0.4;0;700.00
0.013658;0.3;3963;0.25;0;700.00
0.374432;4.3;9284;0.68;0;700.00
0.055945;7.3;6944;0.16;0;700.00
0.102499;1.5;8212;0.26;5;700.00
0.000001;0;;;100;700.00
0.688258;12.4;8663;0.53;19;700.00
0.009533;0.6;5689;0.09;5;700.00
0.015064;0.3;12507;0.82;0;700.00
0.000087;0;6939;0.34;7.5;24.91
0.075963;0.9;4923;0.58;17.7;24.91
0;;10608;0.43;26.7;24.91
0.00043;0;9034;0.64;35;24.91
0.000086;0;5218;0.22;35;24.91
0.000005;0;6366;0.35;15;24.91
0.005864;0.1;1029;0.81;30;52.96
0.000627;0;908;0.13;29.4;52.96
0.000092;0;2811;0.23;18;52.96
0.000012;0;5370;0.23;0;1.12
0.001441;0;7205;0.12;0;1.12
0.00122;0.1;7484;0.11;15;1.12
0.002294;0;8149;0.22;21.9;1.12
0.000026;0;4608;0.86;19.7;3.87
0.007946;0.1;4450;0.46;20;3.87
0.004009;0.1;6456;0.22;20;3.87
0.000215;0;4325;0.32;0;340.00
0.002036;0;8577;0.12;0;340.00
0.000067;0;3214;0.23;0;340.00
0.000001;0;3665;0.15;0;340.00
0.000703;0.1;7420;0.4;0;340.00
0.076211;1.1;13800;0.42;0;340.00
0.126125;5.9;12535;0.26;0;340.00
0.196225;3.5;14733;0.59;0;340.00
0.002397;0.1;4234;0.18;0;340.00
0.013426;0.3;1135;0.21;2.1;105.00
0.000163;0;691;0.29;50.4;105.00
0.000023;0;1701;0.48;4.3;105.00
0.000001;0;1697;0.18;55.4;105.00
0.038214;0.8;4136;0.17;2.1;52.88
0.000132;0;716;0.16;50.4;52.88
0.249839;4.2;8783;0.8;0;52.88
0.072965;0.8;5702;0.58;;4.92
0.001223;0;6708;0.28;;4.92
0.000034;0;9860;0.3;0;302.00
0.011012;0;6418;0.72;8;302.00
0.026175;0.5;7829;0.19;0.4;302.00
0.047132;0.5;1029;0.76;50;302.00
0.000027;0;6988;0.16;16.3;302.00
0.000001;0;2906;0.42;40;302.00
0.000163;0;2897;0.33;40;302.00
0.007825;0.4;8793;0.22;8;302.00
0.124444;2.2;9300;0.25;28.5;302.00
0.000017;0;10002;0.36;16.5;302.00
0.423347;7.2;13006;0.18;424.4;1631.00
0.199981;0.7;12807;0.42;487;1631.00
0.083388;1.7;11122;0.09;3.4;1631.00
0.01988;0.2;9210;0.28;9;1631.00
0.077615;2.3;5767;0.16;6.6;1631.00
0.000071;0;9707;0.53;40;1631.00
0.002257;0;9726;0.46;40;1631.00
0.010992;0.5;10430;0.18;24.4;1631.00
0.196478;3.5;15520;0.65;21.4;1631.00
0.006943;0.4;8964;0.13;48.4;1631.00
0.544179;9.2;17020;0.7;1.8;1631.00
0.384694;6.6;3700;0.22;0;1281.00
0.95674;3.3;7308;0.45;0;1281.00
0.10684;2.1;5327;0.13;2.1;1281.00
0.011639;0.1;3209;0.25;50.4;1281.00
0.000855;0;4143;0.13;4.3;1281.00
0.013032;1.7;2121;0.15;38.7;1281.00
0.013351;0.2;2985;0.11;55.4;1281.00
0;;1331;0.14;18.2;1281.00
0.028686;0.5;2248;0.18;19.2;1281.00
0.016994;1.1;3832;0.09;28;1281.00
0.309419;5.2;8347;0.35;0;1281.00
0.002911;0;1873;0.71;10.8;80.71
0.003049;0.1;3210;0.31;0;80.71
0.000061;0;10747;0.43;30;80.71
0.000134;0;11644;0.38;66.3;80.71
0.000003;0;;0.53;0;26.11
0.00002;0;;1;0;26.11
0.00735;0.1;;0.79;0;26.11
0.000573;0;;0.37;0;26.11
0.000607;0;3437;0.33;23.4;3.81
0.000029;0;13502;0.43;5;3.81
0.000001;0;5800;0.6;20;3.81
0.002511;0;4812;0.72;37.3;3.81
0.000286;0;6326;0.25;22.6;3.81
0.000071;0;3746;0.51;0;3.81
0.093989;1.9;6566;0.1;2.1;538.00
0.000087;0;3357;0.12;50.4;538.00
0.000003;0;1970;0.08;4.3;538.00
0.009317;1.2;1594;0.17;38.7;538.00
0.002598;0;1615;0.16;55.4;538.00
0.000001;0;490;0.39;19.2;538.00
0.000013;0;1006;0.19;28;538.00
0.009168;0.2;6892;0.08;0;748.00
0.001197;0;3057;0.18;0.4;748.00
0;;1487;0.12;1.5;748.00
0.000278;0;4645;0.14;164;748.00
0.001958;0;1021;0.33;207.5;748.00
0.000083;0;564;0.59;249.9;748.00
0.023997;0.4;2479;0.18;718.4;748.00
0.00083;0.1;3870;0.13;76.4;748.00
0.000608;0;2159;0.3;1;55.2
0.042292;0.8;9176;0.74;2.6;55.2
0.007169;0.1;3067;0.18;3.7;55.2
0.000001;0;10418;1;50;55.2
0.004046;0.1;3798;0.47;12.9;55.2
0.413155;7.1;16668;0.39;0;611.00
0.334953;1.2;14548;0.45;0;611.00
0.021586;0.4;11346;0.09;0;611.00
0.026883;0.3;9740;0.22;8.8;611.00
0.004641;0.1;7330;0.16;5.1;611.00
0.000001;0;12102;0.26;6;611.00
0.000001;0;10774;0.2;12.5;611.00
0.000001;0;12039;0.85;24.5;611.00
0.002898;0.2;6805;0.1;23.9;611.00
0.000674;0;11368;0.83;0;611.00
0.000166;0;8430;0.5;10;8.19
0.009714;0.1;4610;0.19;79.4;62.41
0.000167;0;2805;0.6;25;62.41
0.002748;0;9890;0.31;25;62.41
0.000001;0;767;0.73;25.4;502.00
0.911435;3.2;15390;0.54;80;502.00
0.000179;0;1663;0.49;90;502.00
0.000001;0;3448;0.53;94;502.00
0.029509;0.9;7567;0.18;3;502.00
0.000086;0;7016;0.85;50;502.00
0.006336;0.1;8778;0.28;50;502.00
0.000975;0;14387;0.45;31.7;502.00
0.002828;0.1;8374;0.3;37.5;502.00
0.002816;0.2;8484;0.13;22.1;502.00
0.768397;13;16313;0.72;64.5;502.00
0.089302;1;5574;0.7;17.7;7.57
0.000514;0;4731;0.13;35;7.57
0.001036;0;13351;1;;
0.000076;0;9825;0.8;0.4;0.51
0.000177;0;4329;0.92;0;21.53
0.000582;0;3847;0.38;27.6;21.53
0.003888;0;2692;0.27;36.1;21.53
0.000047;0;4117;0.31;22.2;21.53
0.000262;0;4913;0.35;0;39.24
0.085281;0.3;8317;0.53;0;39.24
0.018566;0.4;8303;0.44;17;39.24
0.079752;0.9;8417;0.81;1.7;39.24
0.000842;0;2072;0.14;10.3;39.24
0.002028;0;8202;0.47;36;39.24
0.000184;0;8295;1;36;39.24
0.000094;0;2490;0.34;36;39.24
0.058566;1;2127;0.18;23.9;720.00
0.720763;2.5;7724;0.52;0;720.00
0.152442;3.1;8571;0.54;13;720.00
0.009731;0.1;5331;0.23;135;720.00
0.359969;10.8;5685;0.11;4.6;720.00
0.001742;0.2;1093;0.5;199.9;720.00
0.049156;0.7;11843;0.32;209.1;720.00
0.000782;0;4651;0.19;225;720.00
0.015513;0.3;8154;0.35;62.2;720.00
0.002976;0.2;5296;0.2;58.5;720.00
0.178472;3;11686;0.67;5;720.00
0.000326;0;2817;0.53;0;45.23
0.000037;0;6435;0.26;0;45.23
0.00144;0;5638;0.32;0;45.23
0.004326;0;9540;0.7;0;156.00
0.008683;0.2;3826;0.11;1.2;156.00
0.00018;0;1130;0.43;10.3;156.00
0.016374;0.3;10626;0.3;0;421.00
0.013566;0.3;6478;0.08;0;421.00
0.31571;3.6;9681;0.6;0;421.00
0.04657;6.1;7735;0.21;0;421.00
0.108031;1.6;7847;0.28;5;421.00
0.026432;1.2;9747;0.4;0;421.00
0.425443;7.7;9778;0.53;5;421.00
0.002773;0.2;2882;0.39;5;421.00
0.021514;0.4;12290;0.5;0;421.00
0.021322;0.4;3403;0.16;0;2708.00
0.220984;0.8;7196;0.35;0;2708.00
0.096228;1.9;4225;0.09;2.1;2708.00
0.059024;0.7;6402;0.15;50.4;2708.00
0.000001;0;3710;0.08;4.3;2708.00
0.003293;0.4;793;0.68;38.7;2708.00
0.005131;0.1;961;0.52;55.4;2708.00
0.000099;0;821;0.18;18.2;2708.00
0.009967;0.2;1040;0.25;19.2;2708.00
0.021606;1.3;1470;0.13;28;2708.00
0.011866;0.2;7727;0.3;0;2708.00
0.018233;0.3;5593;0.23;0.1;20937.00
0.00012;0;7050;0.16;0;20937.00
0;;1465;0.9;1.6;20937.00
0.932208;18.7;6372;0.1;0;20937.00
0.296261;3.4;5154;0.17;15.6;20937.00
0.002977;0.1;10832;0.14;8.5;20937.00
0.00187;0.2;3972;0.33;10.8;20937.00
0.096069;1.4;10777;0.23;9.4;20937.00
0.033193;1.6;2994;0.41;0.1;20937.00
0.000429;0;5339;0.52;4.9;20937.00
0.326967;20.4;8125;0.08;6.3;20937.00
0.000543;0;10785;0.61;0.6;20937.00
0.000282;0;;0.41;0;0.000
0.000036;0;;0.43;0;0.000
0.000092;0;2625;0.58;0;53.63
0.000015;0;824;0.8;0;53.63
0.002763;0.1;4203;0.36;0;53.63
0.02327;0.3;2024;0.53;26.9;53.63
0.004823;0.1;5101;0.42;0;53.63
0.091675;11.9;1676;0.69;0;53.63
0.007252;0.1;6612;0.22;0;53.63
0.089253;4.2;1976;0.95;0;53.63
0.001551;0;2771;0.33;0;53.63
0.001064;0.1;1700;0.41;0;53.63
0.005603;0.1;853;0.45;0;53.63
0.0222;0.3;4317;0.46;25.4;57.71
0;;2121;0.32;42.4;57.71
0.00101;0;4757;0.12;61.3;57.71
0.000001;0;5557;0.55;30;0.85
0.024402;0.4;3983;0.31;0;482.00
0.000011;0;3996;1;0;482.00
0.014087;0.3;4792;0.75;0;482.00
0.175243;2;3859;0.95;0;482.00
0.000796;0;12527;0.31;0;482.00
0.000106;0;4512;0.42;0;482.00
0.002953;0.1;4128;0.58;0;482.00
0.000005;0;7590;0.2;0;482.00
0.000067;0;6214;0.56;0;482.00
0.634737;10.8;16385;0.49;13;271.00
0.239601;0.8;14782;0.41;0;271.00
0.058182;52.1;10151;0.18;5;271.00
0.009355;0.2;3713;0.47;17.4;271.00
0.003684;0;1070;0.69;82.2;271.00
0.519044;15.6;9102;0.24;6.6;271.00
0.000001;0;6823;0.87;14.3;271.00
0.001743;0;5780;0.45;14.5;271.00
0.081009;3.8;11535;0.2;16.9;271.00
0.049409;0.9;11252;0.26;21.4;271.00
0.000582;0;7690;0.08;26.6;271.00
0.261634;4.4;17237;0.65;1;271.00
0.000056;0;15571;0.76;4;
0.000049;0;5914;1;0;
5.853003;100;;;;93863.00
28.564147;100;;;;93863.00
0.111731;100;;;;93863.00
4.996305;100;;;;93863.00
8.744188;100;;;;93863.00
3.319722;100;;;;93863.00
0.767772;100;;;;93863.00
6.679114;100;;;;93863.00
2.120464;100;;;;93863.00
5.554532;100;;;;93863.00
0.160333;100;;;;93863.00
5.909220;100;;;;93863.00
0.213085;2.4;8271;0.55;5;23.49
0.135161;2.4;10060;0.89;10;23.49
0.000394;0;7965;0.13;25;19.32
0.000002;0;6490;0.28;7.8;16.77
